Metric,Buy & Hold,Rule-Only,Hybrid
Sharpe Ratio,0.6389470146445984,0.5159356851217809,0.7101938778986109
Sortino Ratio,3.0426807301799514,34.55963115887003,25.371976738081997
Mean Daily Return %,1.1748782162718958,13.163540515049938,21.40024171523594
Std Dev Daily %,28.583501342187052,404.0824018771333,477.57031890796543
T-Stat (vs Rule),-,-,0.4123840111885238
P-Value (vs Rule),-,-,0.6801042689699129
T-Stat (vs B&H),-,-,1.3240885364888018
P-Value (vs B&H),-,-,0.18577987278210084
